email,wrong_password
lock-u1@hw05.test,Sai_MK_123!
lock-u4@hw05.test,Sai_MK_123!
lock-u12@hw05.test,Sai_MK_123!
lock-u13@hw05.test,Sai_MK_123!
lock-u5@hw05.test,Sai_MK_123!
lock-u10@hw05.test,Sai_MK_123!
lock-u15@hw05.test,Sai_MK_123!
lock-u14@hw05.test,Sai_MK_123!
lock-u6@hw05.test,Sai_MK_123!
lock-u9@hw05.test,Sai_MK_123!
lock-u7@hw05.test,Sai_MK_123!
lock-u11@hw05.test,Sai_MK_123!
lock-u16@hw05.test,Sai_MK_123!
lock-u17@hw05.test,Sai_MK_123!
lock-u8@hw05.test,Sai_MK_123!
lock-u18@hw05.test,Sai_MK_123!
lock-u19@hw05.test,Sai_MK_123!
lock-u2@hw05.test,Sai_MK_123!
lock-u20@hw05.test,Sai_MK_123!
lock-u3@hw05.test,Sai_MK_123!
lock-u21@hw05.test,Sai_MK_123!
lock-u27@hw05.test,Sai_MK_123!
lock-u32@hw05.test,Sai_MK_123!
lock-u25@hw05.test,Sai_MK_123!
lock-u33@hw05.test,Sai_MK_123!
lock-u28@hw05.test,Sai_MK_123!
lock-u26@hw05.test,Sai_MK_123!
lock-u31@hw05.test,Sai_MK_123!
lock-u29@hw05.test,Sai_MK_123!
lock-u30@hw05.test,Sai_MK_123!
lock-u35@hw05.test,Sai_MK_123!
lock-u24@hw05.test,Sai_MK_123!
lock-u34@hw05.test,Sai_MK_123!
lock-u22@hw05.test,Sai_MK_123!
lock-u23@hw05.test,Sai_MK_123!
lock-u37@hw05.test,Sai_MK_123!
lock-u40@hw05.test,Sai_MK_123!
lock-u36@hw05.test,Sai_MK_123!
lock-u38@hw05.test,Sai_MK_123!
lock-u39@hw05.test,Sai_MK_123!
lock-u41@hw05.test,Sai_MK_123!
lock-u48@hw05.test,Sai_MK_123!
lock-u52@hw05.test,Sai_MK_123!
lock-u47@hw05.test,Sai_MK_123!
lock-u45@hw05.test,Sai_MK_123!
lock-u46@hw05.test,Sai_MK_123!
lock-u50@hw05.test,Sai_MK_123!
lock-u51@hw05.test,Sai_MK_123!
lock-u49@hw05.test,Sai_MK_123!
lock-u53@hw05.test,Sai_MK_123!
lock-u54@hw05.test,Sai_MK_123!
lock-u56@hw05.test,Sai_MK_123!
lock-u60@hw05.test,Sai_MK_123!
lock-u42@hw05.test,Sai_MK_123!
lock-u44@hw05.test,Sai_MK_123!
lock-u43@hw05.test,Sai_MK_123!
lock-u55@hw05.test,Sai_MK_123!
lock-u58@hw05.test,Sai_MK_123!
lock-u57@hw05.test,Sai_MK_123!
lock-u59@hw05.test,Sai_MK_123!
lock-u61@hw05.test,Sai_MK_123!
lock-u65@hw05.test,Sai_MK_123!
lock-u66@hw05.test,Sai_MK_123!
lock-u68@hw05.test,Sai_MK_123!
lock-u71@hw05.test,Sai_MK_123!
lock-u70@hw05.test,Sai_MK_123!
lock-u69@hw05.test,Sai_MK_123!
lock-u74@hw05.test,Sai_MK_123!
lock-u72@hw05.test,Sai_MK_123!
lock-u63@hw05.test,Sai_MK_123!
lock-u67@hw05.test,Sai_MK_123!
lock-u73@hw05.test,Sai_MK_123!
lock-u78@hw05.test,Sai_MK_123!
lock-u64@hw05.test,Sai_MK_123!
lock-u76@hw05.test,Sai_MK_123!
lock-u62@hw05.test,Sai_MK_123!
lock-u77@hw05.test,Sai_MK_123!
lock-u80@hw05.test,Sai_MK_123!
lock-u75@hw05.test,Sai_MK_123!
lock-u79@hw05.test,Sai_MK_123!
lock-u81@hw05.test,Sai_MK_123!
lock-u88@hw05.test,Sai_MK_123!
lock-u86@hw05.test,Sai_MK_123!
lock-u85@hw05.test,Sai_MK_123!
lock-u90@hw05.test,Sai_MK_123!
lock-u89@hw05.test,Sai_MK_123!
lock-u87@hw05.test,Sai_MK_123!
lock-u91@hw05.test,Sai_MK_123!
lock-u93@hw05.test,Sai_MK_123!
lock-u97@hw05.test,Sai_MK_123!
lock-u99@hw05.test,Sai_MK_123!
lock-u96@hw05.test,Sai_MK_123!
lock-u95@hw05.test,Sai_MK_123!
lock-u94@hw05.test,Sai_MK_123!
lock-u98@hw05.test,Sai_MK_123!
lock-u84@hw05.test,Sai_MK_123!
lock-u82@hw05.test,Sai_MK_123!
lock-u83@hw05.test,Sai_MK_123!
lock-u100@hw05.test,Sai_MK_123!
lock-u92@hw05.test,Sai_MK_123!
lock-u105@hw05.test,Sai_MK_123!
lock-u106@hw05.test,Sai_MK_123!
lock-u101@hw05.test,Sai_MK_123!
lock-u108@hw05.test,Sai_MK_123!
lock-u110@hw05.test,Sai_MK_123!
lock-u107@hw05.test,Sai_MK_123!
lock-u111@hw05.test,Sai_MK_123!
lock-u113@hw05.test,Sai_MK_123!
lock-u112@hw05.test,Sai_MK_123!
lock-u109@hw05.test,Sai_MK_123!
lock-u103@hw05.test,Sai_MK_123!
lock-u102@hw05.test,Sai_MK_123!
lock-u114@hw05.test,Sai_MK_123!
lock-u117@hw05.test,Sai_MK_123!
lock-u115@hw05.test,Sai_MK_123!
lock-u104@hw05.test,Sai_MK_123!
lock-u120@hw05.test,Sai_MK_123!
lock-u119@hw05.test,Sai_MK_123!
lock-u116@hw05.test,Sai_MK_123!
lock-u118@hw05.test,Sai_MK_123!
lock-u121@hw05.test,Sai_MK_123!
lock-u129@hw05.test,Sai_MK_123!
lock-u125@hw05.test,Sai_MK_123!
lock-u124@hw05.test,Sai_MK_123!
lock-u131@hw05.test,Sai_MK_123!
lock-u122@hw05.test,Sai_MK_123!
lock-u126@hw05.test,Sai_MK_123!
lock-u130@hw05.test,Sai_MK_123!
lock-u128@hw05.test,Sai_MK_123!
lock-u133@hw05.test,Sai_MK_123!
lock-u134@hw05.test,Sai_MK_123!
lock-u123@hw05.test,Sai_MK_123!
lock-u132@hw05.test,Sai_MK_123!
lock-u136@hw05.test,Sai_MK_123!
lock-u138@hw05.test,Sai_MK_123!
lock-u127@hw05.test,Sai_MK_123!
lock-u140@hw05.test,Sai_MK_123!
lock-u137@hw05.test,Sai_MK_123!
lock-u139@hw05.test,Sai_MK_123!
lock-u135@hw05.test,Sai_MK_123!
lock-u141@hw05.test,Sai_MK_123!
lock-u146@hw05.test,Sai_MK_123!
lock-u145@hw05.test,Sai_MK_123!
lock-u148@hw05.test,Sai_MK_123!
lock-u149@hw05.test,Sai_MK_123!
lock-u144@hw05.test,Sai_MK_123!
lock-u147@hw05.test,Sai_MK_123!
lock-u153@hw05.test,Sai_MK_123!
lock-u150@hw05.test,Sai_MK_123!
lock-u151@hw05.test,Sai_MK_123!
lock-u152@hw05.test,Sai_MK_123!
lock-u157@hw05.test,Sai_MK_123!
lock-u142@hw05.test,Sai_MK_123!
lock-u154@hw05.test,Sai_MK_123!
lock-u155@hw05.test,Sai_MK_123!
lock-u143@hw05.test,Sai_MK_123!
lock-u156@hw05.test,Sai_MK_123!
lock-u158@hw05.test,Sai_MK_123!
lock-u160@hw05.test,Sai_MK_123!
lock-u159@hw05.test,Sai_MK_123!
lock-u161@hw05.test,Sai_MK_123!
lock-u165@hw05.test,Sai_MK_123!
lock-u166@hw05.test,Sai_MK_123!
lock-u167@hw05.test,Sai_MK_123!
lock-u168@hw05.test,Sai_MK_123!
lock-u169@hw05.test,Sai_MK_123!
lock-u174@hw05.test,Sai_MK_123!
lock-u173@hw05.test,Sai_MK_123!
lock-u164@hw05.test,Sai_MK_123!
lock-u171@hw05.test,Sai_MK_123!
lock-u170@hw05.test,Sai_MK_123!
lock-u172@hw05.test,Sai_MK_123!
lock-u162@hw05.test,Sai_MK_123!
lock-u163@hw05.test,Sai_MK_123!
lock-u176@hw05.test,Sai_MK_123!
lock-u177@hw05.test,Sai_MK_123!
lock-u178@hw05.test,Sai_MK_123!
lock-u175@hw05.test,Sai_MK_123!
lock-u179@hw05.test,Sai_MK_123!
lock-u180@hw05.test,Sai_MK_123!
lock-u185@hw05.test,Sai_MK_123!
lock-u181@hw05.test,Sai_MK_123!
lock-u186@hw05.test,Sai_MK_123!
lock-u189@hw05.test,Sai_MK_123!
lock-u187@hw05.test,Sai_MK_123!
lock-u188@hw05.test,Sai_MK_123!
lock-u190@hw05.test,Sai_MK_123!
lock-u195@hw05.test,Sai_MK_123!
lock-u192@hw05.test,Sai_MK_123!
lock-u194@hw05.test,Sai_MK_123!
lock-u191@hw05.test,Sai_MK_123!
lock-u196@hw05.test,Sai_MK_123!
lock-u198@hw05.test,Sai_MK_123!
lock-u197@hw05.test,Sai_MK_123!
lock-u182@hw05.test,Sai_MK_123!
lock-u199@hw05.test,Sai_MK_123!
lock-u200@hw05.test,Sai_MK_123!
lock-u193@hw05.test,Sai_MK_123!
lock-u184@hw05.test,Sai_MK_123!
lock-u183@hw05.test,Sai_MK_123!
