email,password,user_id
perf-u2@hw05.test,Test1234!,3
perf-u3@hw05.test,Test1234!,6
perf-u4@hw05.test,Test1234!,4
perf-u5@hw05.test,Test1234!,5
perf-u1@hw05.test,Test1234!,7
perf-u6@hw05.test,Test1234!,8
perf-u9@hw05.test,Test1234!,9
perf-u13@hw05.test,Test1234!,10
perf-u14@hw05.test,Test1234!,11
perf-u15@hw05.test,Test1234!,12
perf-u7@hw05.test,Test1234!,13
perf-u8@hw05.test,Test1234!,14
perf-u18@hw05.test,Test1234!,15
perf-u19@hw05.test,Test1234!,16
perf-u20@hw05.test,Test1234!,17
perf-u17@hw05.test,Test1234!,18
perf-u11@hw05.test,Test1234!,22
perf-u16@hw05.test,Test1234!,21
perf-u10@hw05.test,Test1234!,19
perf-u12@hw05.test,Test1234!,20
perf-u21@hw05.test,Test1234!,23
perf-u25@hw05.test,Test1234!,24
perf-u28@hw05.test,Test1234!,25
perf-u27@hw05.test,Test1234!,26
perf-u34@hw05.test,Test1234!,30
perf-u35@hw05.test,Test1234!,31
perf-u31@hw05.test,Test1234!,27
perf-u32@hw05.test,Test1234!,28
perf-u33@hw05.test,Test1234!,29
perf-u36@hw05.test,Test1234!,32
perf-u40@hw05.test,Test1234!,36
perf-u24@hw05.test,Test1234!,37
perf-u22@hw05.test,Test1234!,38
perf-u23@hw05.test,Test1234!,39
perf-u29@hw05.test,Test1234!,40
perf-u37@hw05.test,Test1234!,33
perf-u38@hw05.test,Test1234!,34
perf-u39@hw05.test,Test1234!,35
perf-u26@hw05.test,Test1234!,41
perf-u30@hw05.test,Test1234!,42
perf-u41@hw05.test,Test1234!,43
perf-u48@hw05.test,Test1234!,44
perf-u46@hw05.test,Test1234!,47
perf-u50@hw05.test,Test1234!,46
perf-u49@hw05.test,Test1234!,45
perf-u45@hw05.test,Test1234!,48
perf-u47@hw05.test,Test1234!,49
perf-u51@hw05.test,Test1234!,50
perf-u55@hw05.test,Test1234!,51
perf-u57@hw05.test,Test1234!,55
perf-u54@hw05.test,Test1234!,52
perf-u52@hw05.test,Test1234!,53
perf-u53@hw05.test,Test1234!,54
perf-u58@hw05.test,Test1234!,56
perf-u44@hw05.test,Test1234!,60
perf-u42@hw05.test,Test1234!,61
perf-u60@hw05.test,Test1234!,57
perf-u59@hw05.test,Test1234!,58
perf-u43@hw05.test,Test1234!,59
perf-u56@hw05.test,Test1234!,62
perf-u61@hw05.test,Test1234!,63
perf-u65@hw05.test,Test1234!,64
perf-u67@hw05.test,Test1234!,65
perf-u68@hw05.test,Test1234!,66
perf-u74@hw05.test,Test1234!,70
perf-u75@hw05.test,Test1234!,71
perf-u76@hw05.test,Test1234!,72
perf-u72@hw05.test,Test1234!,68
perf-u77@hw05.test,Test1234!,73
perf-u71@hw05.test,Test1234!,67
perf-u78@hw05.test,Test1234!,74
perf-u80@hw05.test,Test1234!,76
perf-u79@hw05.test,Test1234!,75
perf-u73@hw05.test,Test1234!,69
perf-u69@hw05.test,Test1234!,77
perf-u63@hw05.test,Test1234!,81
perf-u70@hw05.test,Test1234!,82
perf-u66@hw05.test,Test1234!,78
perf-u62@hw05.test,Test1234!,79
perf-u64@hw05.test,Test1234!,80
perf-u81@hw05.test,Test1234!,83
perf-u86@hw05.test,Test1234!,84
perf-u89@hw05.test,Test1234!,85
perf-u90@hw05.test,Test1234!,86
perf-u91@hw05.test,Test1234!,87
perf-u87@hw05.test,Test1234!,89
perf-u88@hw05.test,Test1234!,90
perf-u82@hw05.test,Test1234!,88
perf-u92@hw05.test,Test1234!,91
perf-u93@hw05.test,Test1234!,95
perf-u94@hw05.test,Test1234!,96
perf-u95@hw05.test,Test1234!,97
perf-u96@hw05.test,Test1234!,92
perf-u97@hw05.test,Test1234!,93
perf-u98@hw05.test,Test1234!,94
perf-u84@hw05.test,Test1234!,98
perf-u85@hw05.test,Test1234!,99
perf-u100@hw05.test,Test1234!,102
perf-u99@hw05.test,Test1234!,101
perf-u83@hw05.test,Test1234!,100
perf-u101@hw05.test,Test1234!,103
perf-u105@hw05.test,Test1234!,104
perf-u106@hw05.test,Test1234!,105
perf-u109@hw05.test,Test1234!,106
perf-u113@hw05.test,Test1234!,107
perf-u110@hw05.test,Test1234!,111
perf-u117@hw05.test,Test1234!,112
perf-u108@hw05.test,Test1234!,113
perf-u107@hw05.test,Test1234!,108
perf-u114@hw05.test,Test1234!,109
perf-u116@hw05.test,Test1234!,114
perf-u115@hw05.test,Test1234!,110
perf-u120@hw05.test,Test1234!,115
perf-u119@hw05.test,Test1234!,116
perf-u103@hw05.test,Test1234!,117
perf-u118@hw05.test,Test1234!,118
perf-u111@hw05.test,Test1234!,119
perf-u112@hw05.test,Test1234!,120
perf-u104@hw05.test,Test1234!,121
perf-u102@hw05.test,Test1234!,122
perf-u121@hw05.test,Test1234!,123
perf-u128@hw05.test,Test1234!,124
perf-u125@hw05.test,Test1234!,127
perf-u126@hw05.test,Test1234!,128
perf-u129@hw05.test,Test1234!,125
perf-u130@hw05.test,Test1234!,126
perf-u127@hw05.test,Test1234!,130
perf-u132@hw05.test,Test1234!,131
perf-u131@hw05.test,Test1234!,129
perf-u134@hw05.test,Test1234!,132
perf-u140@hw05.test,Test1234!,136
perf-u135@hw05.test,Test1234!,133
perf-u122@hw05.test,Test1234!,134
perf-u123@hw05.test,Test1234!,135
perf-u138@hw05.test,Test1234!,137
perf-u136@hw05.test,Test1234!,141
perf-u139@hw05.test,Test1234!,142
perf-u133@hw05.test,Test1234!,140
perf-u124@hw05.test,Test1234!,138
perf-u137@hw05.test,Test1234!,139
perf-u141@hw05.test,Test1234!,143
perf-u145@hw05.test,Test1234!,144
perf-u148@hw05.test,Test1234!,145
perf-u152@hw05.test,Test1234!,146
perf-u154@hw05.test,Test1234!,150
perf-u155@hw05.test,Test1234!,151
perf-u144@hw05.test,Test1234!,147
perf-u149@hw05.test,Test1234!,148
perf-u157@hw05.test,Test1234!,153
perf-u153@hw05.test,Test1234!,149
perf-u158@hw05.test,Test1234!,154
perf-u156@hw05.test,Test1234!,152
perf-u159@hw05.test,Test1234!,155
perf-u142@hw05.test,Test1234!,159
perf-u150@hw05.test,Test1234!,160
perf-u151@hw05.test,Test1234!,158
perf-u147@hw05.test,Test1234!,162
perf-u160@hw05.test,Test1234!,156
perf-u146@hw05.test,Test1234!,161
perf-u143@hw05.test,Test1234!,157
perf-u161@hw05.test,Test1234!,163
perf-u165@hw05.test,Test1234!,164
perf-u164@hw05.test,Test1234!,167
perf-u166@hw05.test,Test1234!,169
perf-u167@hw05.test,Test1234!,170
perf-u170@hw05.test,Test1234!,166
perf-u169@hw05.test,Test1234!,165
perf-u168@hw05.test,Test1234!,171
perf-u172@hw05.test,Test1234!,168
perf-u173@hw05.test,Test1234!,172
perf-u175@hw05.test,Test1234!,173
perf-u177@hw05.test,Test1234!,174
perf-u163@hw05.test,Test1234!,175
perf-u171@hw05.test,Test1234!,179
perf-u162@hw05.test,Test1234!,177
perf-u178@hw05.test,Test1234!,181
perf-u180@hw05.test,Test1234!,180
perf-u174@hw05.test,Test1234!,176
perf-u176@hw05.test,Test1234!,178
perf-u179@hw05.test,Test1234!,182
perf-u181@hw05.test,Test1234!,183
perf-u186@hw05.test,Test1234!,184
perf-u185@hw05.test,Test1234!,185
perf-u190@hw05.test,Test1234!,189
perf-u183@hw05.test,Test1234!,186
perf-u191@hw05.test,Test1234!,187
perf-u192@hw05.test,Test1234!,188
perf-u188@hw05.test,Test1234!,190
perf-u197@hw05.test,Test1234!,194
perf-u194@hw05.test,Test1234!,195
perf-u195@hw05.test,Test1234!,192
perf-u193@hw05.test,Test1234!,196
perf-u198@hw05.test,Test1234!,197
perf-u187@hw05.test,Test1234!,198
perf-u189@hw05.test,Test1234!,191
perf-u196@hw05.test,Test1234!,193
perf-u200@hw05.test,Test1234!,199
perf-u199@hw05.test,Test1234!,200
perf-u184@hw05.test,Test1234!,202
perf-u182@hw05.test,Test1234!,201
